ID;Cj_Ci;Cj_nod;Cm1;Cas1;Cas2;Cas4;Cas5;Cas7;Cas8;Cv_nod;Dd1;Cppng_Ca;Cppng_Ct;CiT;CiP1;CiP2;CiP3;CiP4
Halobacteroidaceae;2;0;1;2;1;3;0;4;0;5;0;0;0;23;0;1;2;0
Tissierellaceae;0;0;0;0;0;1;0;0;0;2;0;0;0;0;0;2;1;1
Segniliparaceae;10;159;321;116;84;195;284;363;376;55;12;549;73;153;139;139;92;65
Salinivirgaceae;0;0;0;0;0;0;0;2;0;2;0;1;0;3;0;1;2;0
Patulibacteraceae;12;2;19;11;0;21;7;14;3;45;15;11;2;9;1;20;34;8
Ferrimonadaceae;9;0;0;0;0;1;1;8;1;23;1;2;0;4;0;1;6;3
Melioribacteraceae;2;0;0;0;0;1;0;4;0;3;0;0;1;0;0;1;2;1
Orbaceae;2;0;0;1;0;0;0;1;0;4;0;0;0;2;0;1;1;0
Hyellaceae;4;1;0;1;0;1;1;2;8;10;0;1;0;5;0;2;2;4
Ectothiorhodospiraceae;398;21;43;146;101;351;341;760;596;693;25;835;146;222;28;351;147;175
Nitrosomonadaceae;94;9;27;19;4;27;38;97;102;183;2;10;3;84;2;51;59;19
Kiritimatiellaceae;10;8;93;2;0;10;6;12;5;40;21;0;1;2;0;0;6;0
Cyanobacteriaceae;0;0;1;3;0;0;0;0;0;0;0;0;0;2;0;3;5;0
Aphanothecaceae;42;26;48;6;12;7;8;27;10;126;32;41;15;81;5;139;78;163
Chromatiaceae;342;29;76;238;75;308;283;749;538;575;42;459;81;357;25;858;305;313
Coleofasciculaceae;17;11;27;14;15;14;146;35;19;18;0;0;0;10;1;6;4;11
Paenibacillaceae;307;278;557;349;116;579;688;1109;907;1424;234;649;94;610;15;583;328;589
Oscillospiraceae;7;4;15;1;2;1;6;13;7;12;0;2;0;48;248;20;56;11
Gomontiellaceae;204;12;53;38;22;55;56;32;156;184;32;41;19;109;65;108;56;62
Halobacteriovoraceae;2;0;0;0;0;2;0;3;0;12;0;0;0;11;0;0;3;1
Enterococcaceae;2858;48;67;1;3130;7558;4481;6273;7320;100;70;3;366;16749;2634;121;5;2
Sulfuricellaceae;168;7;11;22;26;46;64;231;52;136;120;214;37;35;25;25;39;6
Aerococcaceae;5;0;0;9;0;20;5;1;0;15;0;0;0;4;0;2;3;0
Moraxellaceae;13197;2809;7706;8344;2099;37035;5597;10343;11278;35450;6937;8985;1926;5955;3808;4489;7773;2870
Thermomonosporaceae;118;2742;5793;3682;1923;5838;6141;9815;9421;3267;6436;12788;2039;12746;1786;17981;9797;9803
Acidaminococcaceae;0;9;12;1;0;0;1;2;0;10;0;0;0;125;5;212;68;44
Cohaesibacteraceae;110;53;115;8;2;25;22;64;12;250;0;6;15;34;2;42;31;13
Parvularculaceae;17;0;3;2;0;8;1;9;1;63;1;1;2;16;0;8;8;1
Rhodanobacteraceae;1597;141;374;132;29;374;200;562;234;19379;156;456;280;667;155;547;860;214
Oxalobacteraceae;3318;185;472;340;140;1181;810;1755;1085;3355;251;684;380;2030;356;2169;1431;951
Solibacteraceae;356;17;47;50;13;387;421;886;90;3401;10;25;94;729;5;487;977;189
Thiobacillaceae;147;2;7;4;5;23;17;68;5;152;2;71;19;42;2;28;33;18
Beutenbergiaceae;19;25;88;150;116;310;289;379;551;58;70;644;136;620;74;929;291;458
Conexibacteraceae;176;345;704;183;85;417;292;632;331;479;226;351;114;473;97;697;524;335
Ichthyobacteriaceae;0;0;0;0;0;0;0;0;0;0;0;0;0;6;0;0;0;0
Salinibacteraceae;1;0;1;1;0;0;0;2;0;1;0;0;0;0;0;0;0;0
Leuconostocaceae;0;0;1;1;1;0;0;0;0;0;1;2;2;2;0;3;1;0
Nitrospiraceae;99;21;62;36;16;35;25;258;15;215;11;8;10;367;27;317;355;40
Micropepsaceae;191;13;30;4;0;49;30;55;2;2635;2;13;56;78;0;22;123;2
Clostridiales Family XIII, Incertae Sedis;0;0;0;1;0;0;1;1;0;6;0;1;0;1;0;1;0;2
Treboniaceae;10;15;23;240;24;235;378;365;122;268;23;24;3;238;1;95;387;121
Yersiniaceae;265;110;195;96;70;240;166;331;400;463;266;291;86;343;22;516;138;158
Aurantimonadaceae;587;123;102;26;10;252;131;341;122;1273;77;320;88;363;19;344;332;269
Thiolinaceae;0;0;0;0;0;0;0;0;0;1;0;0;0;0;0;0;0;0
Sphaerobacteraceae;28;3;3;70;41;141;159;263;354;92;4;5;3;267;2;217;18;123
Steroidobacteraceae;1588;12;41;46;24;500;55;403;13;1469;7;197;76;857;5;623;440;236
Longimicrobiaceae;14;2;2;4;0;5;5;23;0;20;0;11;0;16;0;43;9;9
Acidobacteriaceae;2061;364;800;382;85;2871;1034;1045;658;143445;178;1780;782;4960;929;965;10318;740
Pirellulaceae;374;33;35;18;6;105;183;684;22;825;8;21;3;105;5;81;83;129
Tepidiformaceae;17;0;10;4;0;11;13;35;8;69;65;2;2;7;5;10;12;2
Candidatus Magnetaquicoccaceae;1;0;0;0;0;1;0;1;0;1;7;0;0;1;0;1;0;0
Aggregatilineaceae;29;8;0;0;0;4;13;67;1;149;0;4;0;0;5;0;0;17
Porticoccaceae;2;0;3;0;0;0;1;2;1;2;0;0;0;1;0;0;1;3
Jonesiaceae;1;1;3;17;10;29;26;52;45;0;0;58;6;4;0;4;2;1
Jatrophihabitantaceae;2;3;0;0;0;31;19;68;38;53;0;7;0;0;4;0;0;23
Shewanellaceae;77;2;7;40;5;34;32;40;108;254;1;54;19;27;8;20;33;18
Nitriliruptoraceae;1;0;1;3;2;2;4;2;6;7;1;8;2;20;0;55;45;5
Raineyaceae;1;0;0;0;0;0;0;0;0;2;0;0;0;0;0;0;0;0
Alicyclobacillaceae;26;115;197;25;9;14;27;45;83;92;2;164;24;20;96;26;18;7
Mesoaciditogaceae;4;3;5;1;2;2;1;7;7;125;7;7;2;13;3;9;9;7
Burkholderiaceae;9081;1483;3307;2190;1086;6225;4394;8870;6112;12325;2260;5682;1531;8089;1027;8526;9111;4111
Selenomonadaceae;18;3;2;3;22;10;3;23;2;64;83;205;21;167;1;168;66;114
Williamwhitmaniaceae;0;0;0;0;0;0;0;0;0;3;0;0;0;0;0;0;0;0
Tepidanaerobacteraceae;0;0;0;0;0;0;0;0;0;3;0;0;0;0;0;0;0;0
Methylothermaceae;2;0;0;1;0;1;0;0;0;3;0;0;0;0;0;1;1;1
Rhodobiaceae;6;0;75;9;1;0;0;5;0;52;38;3;24;60;1;73;57;2
Alsobacteraceae;1;0;1;0;0;2;0;3;1;13;0;1;0;2;0;6;2;1
Myxococcaceae;506;227;413;274;99;498;617;1111;600;1175;590;1260;180;1174;62;1321;866;858
Cardiobacteriaceae;21;0;2;3;1;10;3;3;6;15;0;0;0;3;0;9;6;0
Bacillaceae;115;160;237;105;459;141;195;180;274;1792;555;202;30;919;17;1384;280;855
Halomonadaceae;623;128;273;261;128;384;356;842;624;1104;202;1231;240;484;154;572;391;383
Entomoplasmataceae;0;0;0;0;0;0;0;0;0;1;0;0;0;0;0;0;0;0
Elioraeaceae;0;0;0;0;1;5;0;1;0;14;0;1;0;0;1;6;4;1
Terasakiellaceae;8;0;0;0;0;0;0;3;0;5;0;1;0;0;0;0;0;0
Microbacteriaceae;1062;5442;9637;4555;3021;10566;9559;16064;15226;9045;8711;25857;4671;13828;2317;17531;8241;10817
Nitrospinaceae;1;0;0;0;0;0;1;4;0;2;0;0;0;1;0;0;1;1
Carnobacteriaceae;2;0;0;1;0;0;3;1;1;11;0;33;11;7;0;2;1;1
Ventosimonadaceae;2;0;0;0;0;0;0;0;0;0;0;0;0;0;0;0;0;0
Woeseiaceae;44;0;2;1;0;16;2;15;0;55;1;1;1;10;1;6;14;2
Pseudobacteriovoracaceae;2;0;1;0;0;0;1;1;0;7;0;0;0;1;0;4;3;1
Dictyoglomaceae;1;0;0;0;0;0;1;1;0;2;0;0;0;0;0;0;0;0
Kiloniellaceae;2;1;0;0;0;1;3;4;0;7;0;0;0;2;0;4;1;2
Arenicellaceae;2;1;0;0;0;1;0;2;0;2;0;0;0;0;0;1;0;0
Nocardiaceae;741;10998;20652;7902;4949;15476;17585;28664;25315;15196;23328;35606;6602;21929;4623;28469;16298;17399
Thermoanaerobaculaceae;29;0;3;1;0;4;4;26;1;11;0;1;0;10;0;12;5;3
Alcaligenaceae;1868;859;1828;313;139;1105;804;1684;916;3084;1103;1276;303;1221;206;1430;1073;720
Parvibaculaceae;155;20;0;0;0;46;29;77;12;622;0;5;0;0;3;0;0;17
Hafniaceae;35;0;4;6;3;10;6;19;8;55;0;254;62;147;0;233;41;53
Chrysiogenaceae;2;0;1;0;0;1;2;5;1;5;1;13;1;4;0;2;4;1
Demequinaceae;5;7;19;5;1;7;0;3;0;7;2;6;0;0;0;2;2;1
Chroococcaceae;133;111;260;50;24;97;45;175;70;988;72;119;48;247;33;315;221;242
Microbulbiferaceae;82;1;4;2;1;23;14;40;2;181;3;10;2;26;0;12;20;13
Limnochordaceae;436;117;263;38;32;121;80;139;108;479;46;282;87;200;106;195;147;165
Halanaerobiaceae;2;0;0;3;1;5;1;9;1;7;0;0;0;10;1;0;4;1
Anaplasmataceae;22;4;10;8;2;13;4;6;11;105;4;11;18;61;8;82;53;41
Blattabacteriaceae;5;15;0;0;0;6;2;7;3;9;0;0;0;2;2;2;1;0
Prochloraceae;5;4;3;2;3;7;0;4;3;95;3;9;1;1;2;3;6;2
Thermoanaerobacterales Family IV, Incertae Sedis;0;0;0;1;0;0;0;1;0;1;0;0;0;1;0;1;0;0
Dermacoccaceae;49;290;576;249;137;377;355;619;550;464;733;1376;236;439;107;359;327;114
Caedimonadaceae;1;1;0;0;0;0;1;1;0;26;0;0;0;1;0;0;1;1
Coxiellaceae;25;5;8;6;11;5;3;29;3;422;1;24;11;133;4;115;123;59
Desulfomicrobiaceae;17;1;1;4;0;3;4;10;2;30;17;8;0;10;0;4;4;6
Brevibacteriaceae;54;673;1488;334;297;791;909;1379;1290;960;1619;3513;623;963;304;1333;492;1226
Acidithiobacillaceae;59;49;104;36;12;166;90;123;98;57;0;115;19;66;95;43;30;10
Antricoccaceae;0;0;0;0;0;0;0;1;0;1;0;0;0;0;0;0;0;0
Oculatellaceae;4;0;1;1;0;2;0;1;2;13;0;0;0;1;1;2;0;0
Calotrichaceae;63;35;60;30;14;44;31;56;51;494;18;61;48;412;17;455;366;247
Hymenobacteraceae;234;10;33;84;25;75;96;238;335;773;205;82;20;253;57;228;186;44
Abitibacteriaceae;5;4;6;2;0;6;2;8;1;20;0;11;7;3;1;5;9;2
Lewinellaceae;5;3;1;2;0;0;0;8;1;20;0;1;0;4;0;6;1;2
Ktedonosporobacteraceae;2;0;1;3;0;10;1;10;6;132;0;1;1;5;0;4;5;3
Enterobacteriaceae;264878;535;2560;1005;448859;915842;556341;619422;891554;4400;2624;4092;326060;1730;312261;4031;2263;1755
Methylococcaceae;382;132;248;101;86;214;248;455;253;674;180;730;133;374;4;329;350;194
Actinospicaceae;29;5;20;20;4;22;42;61;68;89;3;15;4;8;1;13;12;30
Geminocystaceae;0;1;0;0;0;1;1;0;0;10;0;1;0;0;0;0;0;0
Immundisolibacteraceae;76;1;5;2;0;12;14;31;1;79;1;5;2;40;0;22;79;8
Sulfurovaceae;1;0;0;1;0;0;2;6;1;6;0;1;1;39;0;90;29;152
Brucellaceae;234;19;30;25;15;129;81;65;18;497;0;35;22;94;8;61;106;20
Chlamydiaceae;17;12;20;7;19;18;2;14;14;130;26;21;27;120;4;120;86;107
Legionellaceae;34;3;16;29;4;39;148;33;4;531;2;3;4;145;1;94;148;52
Rhodothermaceae;54;16;54;131;76;13;29;92;39;122;5;483;82;413;8;673;316;268
Gemmataceae;1310;315;747;156;108;742;653;1886;321;3392;114;739;139;1066;261;1217;1041;960
Paludibacteraceae;1;0;0;0;1;2;1;3;5;10;0;0;0;1;0;2;1;1
Prevotellaceae;17;1;3;4;0;5;3;8;2;60;4;7;1;5;0;4;5;2
Syntrophobacteraceae;32;3;3;34;21;76;81;161;101;50;0;110;10;29;3;23;14;23
Lichenihabitantaceae;65;47;100;3;1;31;12;25;1;189;1;10;7;41;2;37;69;6
Ornithinimicrobiaceae;77;1010;0;0;0;1555;1539;2806;2271;1042;0;3851;0;0;308;0;0;1625
Magnetococcaceae;3;0;0;11;6;0;20;6;15;13;0;0;0;1;0;1;2;3
Rhodobacteraceae;3884;1117;2149;852;470;2360;1615;3691;1835;9900;1913;4311;919;2705;322;4296;2214;1571
Candidatus Babeliaceae;0;0;2;2;0;0;1;1;0;44;0;0;0;9;0;1;1;0
Rhodothalassiaceae;0;0;0;0;0;0;0;0;0;0;0;0;0;0;0;0;0;2
Opitutaceae;2305;112;358;186;41;850;633;2181;152;1220;4;136;55;1108;21;1124;622;681
Halothiobacillaceae;39;10;25;0;2;7;4;11;1;58;8;2;2;22;1;125;2;9
Aeromonadaceae;398;95;298;44;279;323;155;384;247;586;174;737;212;380;28;598;305;271
Dermocarpellaceae;3;25;40;0;0;2;0;3;0;219;0;1;0;3;0;1;1;0
Helicobacteraceae;3;26;1;0;0;5;21;42;23;63;2;6;1;7;32;24;6;10
Dissulfurirhabdaceae;0;0;1;0;0;1;0;3;0;2;0;0;0;1;0;2;2;0
Beijerinckiaceae;766;58;162;52;36;231;134;266;110;2447;112;390;79;2931;61;1774;6835;394
Catenulisporaceae;39;380;696;715;469;1301;1614;2194;2170;677;854;2262;345;1067;332;1520;817;1143
Thermomicrobiaceae;8;2;0;3;0;2;3;5;3;16;0;2;2;2;0;4;2;4
Coriobacteriaceae;7;95;169;4;10;6;2;13;1;25;1;83;25;26;0;43;23;14
Thermotogaceae;202;13;46;14;9;53;28;34;35;152;29;37;16;89;42;127;68;62
Sanguibacteraceae;23;118;243;157;95;183;256;356;287;163;300;482;81;376;156;681;273;419
Sporomusaceae;5;1;2;2;0;7;1;12;6;26;0;2;0;6;2;4;15;3
Nostocaceae;493;41;100;74;70;1313;850;959;1439;946;48;48;54;254;384;268;142;121
Oscillatoriaceae;645;56;187;99;62;200;197;416;468;1053;97;133;115;433;160;523;335;370
Phycisphaeraceae;39;3;5;14;10;93;13;200;14;85;90;2;1;27;0;9;21;6
Salinarimonadaceae;1;0;1;2;0;1;0;4;0;9;0;1;0;3;0;2;1;0
Euzebyaceae;23;103;200;60;58;199;106;331;146;256;182;503;67;268;4;193;118;303
Bacteriovoracaceae;7;2;0;3;0;0;1;7;1;12;0;0;0;22;1;62;13;15
Rarobacteraceae;0;0;0;0;0;1;0;0;0;0;0;0;0;1;0;0;0;0
Spongiibacteraceae;75;35;45;4;0;13;8;11;1;31;0;4;1;9;1;17;3;4
Tolypothrichaceae;3;7;9;7;6;3;7;10;8;24;0;4;0;21;0;16;36;12
Thermoflexaceae;2;0;1;1;0;1;3;25;0;11;2;2;0;3;0;2;2;1
Marivirgaceae;0;1;3;0;0;0;2;1;0;3;0;0;0;1;0;2;1;3
Alcanivoracaceae;105;9;25;16;9;35;25;45;27;281;280;6;3;182;2;64;99;89
Minwuiaceae;2;4;2;11;0;3;7;5;6;8;0;0;1;0;0;1;1;0
Sterolibacteriaceae;273;9;88;60;25;260;184;381;233;214;0;99;13;105;5;66;63;26
Chlorogloeopsidaceae;1;0;0;0;1;1;1;0;1;2;0;0;0;0;0;0;2;0
Syntrophotaleaceae;28;0;0;0;0;39;36;80;155;116;0;2;0;0;0;0;0;95
Casimicrobiaceae;71;1;6;1;14;15;7;33;6;79;0;478;69;14;28;20;16;4
Pseudonocardiaceae;1107;18628;34717;15277;8418;25764;30534;45234;44726;30746;33621;57006;9439;44910;10568;60712;32965;33696
Tepidisphaeraceae;49;2;0;0;0;27;20;72;3;142;0;0;0;0;5;0;0;0
Mycobacteriaceae;16748;15731;31390;14601;9626;31075;29578;48597;42032;26636;27165;73676;15820;38883;5346;49643;33904;25960
Parachlamydiaceae;3;0;2;1;0;2;9;27;2;268;0;2;1;31;0;23;26;11
Brevinemataceae;0;0;0;0;0;0;0;0;0;1;0;0;0;0;0;0;0;0
Acuticoccaceae;5;1;2;0;0;4;0;4;0;8;0;0;0;2;0;2;3;0
Pectobacteriaceae;171;99;186;154;42;280;193;382;267;327;7;37;18;383;2;388;237;249
Gaiellaceae;83;2;9;378;63;340;467;980;509;395;12;5;14;1030;0;1449;948;852
Sphingobacteriaceae;345;362;572;241;41;154;141;176;426;12892;64;496;913;1984;34;911;944;194
Kribbellaceae;54;606;0;0;0;1344;1214;1772;1935;1630;0;1890;0;0;527;0;0;1724
Natranaerobiaceae;0;0;0;0;0;1;0;1;0;1;0;0;0;0;0;0;0;0
Salinisphaeraceae;43;80;159;25;23;11;75;17;123;191;0;203;51;14;1;7;16;5
Spirochaetaceae;86;105;165;5;7;24;28;77;24;203;3;1;3;31;19;6;21;10
Pseudanabaenaceae;335;38;107;33;35;99;63;105;124;550;93;81;64;217;90;253;171;160
Stigonemataceae;0;0;0;0;0;0;0;0;0;12;0;0;0;0;0;0;1;0
Roseiflexaceae;29;2;7;3;2;21;10;32;5;70;1;14;0;236;0;319;162;165
Pseudoalteromonadaceae;11452;1;4;4;1;32638;21340;24411;34527;207;2;2;3;8;11579;7;21;5
Bernardetiaceae;1;1;0;1;0;1;0;2;0;1;0;1;1;2;0;4;1;0
Fortieaceae;0;0;0;0;0;0;0;3;0;0;0;0;0;5;0;14;1;1
Luteibaculaceae;0;0;0;0;0;0;0;0;0;1;0;0;0;0;0;0;0;0
Xanthobacteraceae;2392;461;985;111;39;1204;425;879;119;12316;59;537;529;1758;103;1360;1968;1156
Nocardioidaceae;934;5906;9836;4734;3208;10424;9976;16606;14464;12215;11137;23862;4383;11400;2031;15620;8469;7491
Nocardiopsaceae;66;1154;2472;1438;1072;3269;2879;5219;4350;3936;4148;7529;1286;5272;642;5726;4207;3286
Sandaracinaceae;527;16;48;39;11;187;46;374;16;1285;0;294;47;98;0;85;65;27
Egibacteraceae;20;24;67;95;67;173;175;384;198;154;467;504;82;836;53;487;666;376
Thiofilaceae;0;0;0;0;0;0;0;0;0;1;0;0;0;0;0;0;1;1
Chthoniobacteraceae;121;6;34;23;1;171;101;591;12;3313;3;21;14;441;1;185;423;107
Salibacteraceae;0;1;0;0;0;0;1;0;0;2;0;0;0;1;0;0;1;0
Clostridiaceae;5978;1860;4876;2958;10822;17789;5402;5851;9557;20335;3709;3621;1085;2806;2961;2221;3327;1300
Glycomycetaceae;13;82;142;476;315;863;1072;1257;1467;163;147;1584;212;813;66;903;480;639
Acidimicrobiaceae;5;0;2;73;38;117;108;198;184;62;66;258;50;26;1;34;18;61
Desulfonatronaceae;3;0;2;0;0;2;1;4;0;4;0;0;0;0;0;2;3;0
Culicoidibacteraceae;0;0;0;0;0;0;0;0;0;0;0;0;0;0;0;1;0;0
Gloeomargaritaceae;1;0;0;1;0;0;0;0;0;1;0;0;0;0;0;0;0;0
Rhabdochlamydiaceae;0;0;0;0;0;0;1;4;0;84;0;0;0;2;0;2;3;0
Aestuariirhabdaceae;1;0;0;0;0;0;0;0;0;1;0;0;0;0;0;1;1;0
Microcystaceae;500;61;178;85;57;176;146;192;213;1281;143;163;113;442;151;414;324;285
Listeriaceae;1;2;3;19;2;45;55;7;1;15;2;1;1;7;1;4;9;4
Symphyonemataceae;1;0;0;0;0;0;0;1;0;0;0;0;0;0;0;0;0;0
Fimbriimonadaceae;51;8;15;30;14;67;93;167;61;302;5;202;44;150;5;74;50;61
Ancalomicrobiaceae;0;0;0;1;0;1;1;2;0;13;0;1;0;0;0;3;3;2
Corynebacteriaceae;181;908;1665;1224;963;2472;2789;4189;4100;1707;3429;9965;1606;6538;323;7704;3308;3747
Chloroflexaceae;26;2;5;6;1;9;9;19;4;21;6;0;0;134;1;184;109;123
Prolixibacteraceae;7;17;34;1;0;2;3;10;0;43;1;1;2;12;0;7;9;0
Anaerohalosphaeraceae;9;0;1;0;0;4;2;11;0;19;0;21;2;25;0;1;8;2
Odoribacteraceae;0;0;0;0;0;0;2;4;0;14;0;0;0;1;0;0;1;0
Weeksellaceae;51;20;44;18;17;83;11;41;28;842;8;69;16;95;29;118;211;81
Ferrovaceae;5;0;0;0;0;1;0;2;0;2;1;0;0;0;0;1;1;1
Archangiaceae;502;133;61;176;77;515;483;1297;645;824;127;876;132;321;42;419;262;70
Rickettsiaceae;50;18;30;16;7;24;25;30;32;283;18;29;22;131;22;81;54;51
Hahellaceae;23;1;1;3;0;2;6;11;1;29;0;2;2;23;0;30;26;21
Kordiimonadaceae;3;0;1;0;0;2;1;6;0;18;0;0;0;3;0;2;4;2
Cellvibrionaceae;129;10;32;21;8;65;60;49;50;131;0;4;0;45;1;24;26;4
Microcoleaceae;41;46;22;14;4;30;28;47;35;243;32;10;2;48;7;92;41;123
Turicibacteraceae;0;0;0;0;0;0;0;0;0;5;0;0;0;0;0;0;0;1
Sneathiellaceae;4;0;2;2;0;10;2;6;1;32;0;0;0;0;0;3;2;0
Sinobacteraceae;759;110;235;22;3;187;51;399;29;2886;155;19;54;119;82;137;416;25
Spirulinaceae;1;0;2;0;0;0;0;1;0;3;0;0;0;3;0;1;1;4
Thermodesulfobacteriaceae;6;1;6;2;0;1;3;5;0;16;0;2;1;8;0;4;6;2
Zoogloeaceae;2236;113;220;318;123;649;549;1115;742;1711;895;584;98;676;280;1118;475;207
Candidatus Nanopelagicaceae;4;6;5;3;4;15;15;30;17;15;1;3;1;33;6;70;31;35
Comamonadaceae;12268;1222;2777;1069;356;4153;2166;6486;2829;8497;1093;7924;1625;5924;636;6585;3254;3146
Synechococcaceae;1314;213;463;111;125;6478;590;854;611;2592;374;595;225;1122;266;1215;724;902
Candidatus Paracaedibacteraceae;2;0;0;0;0;0;0;0;0;24;0;0;0;3;0;4;5;2
Xenococcaceae;0;0;0;0;0;0;0;1;0;2;0;0;0;0;0;1;1;0
Chelatococcaceae;238;18;43;61;23;213;144;309;123;734;171;375;78;239;5;444;237;62
Nannocystaceae;81;3;7;8;1;23;14;89;15;145;13;2;1;17;1;20;18;8
Desulfohalobiaceae;4;0;1;1;0;4;2;9;2;15;1;0;0;18;1;2;2;1
Cytophagaceae;109;81;158;54;21;158;129;299;149;1114;5;181;21;318;10;345;146;129
Vallitaleaceae;1;0;0;1;0;0;0;2;0;3;0;0;0;0;0;0;0;0
Petrotogaceae;0;0;0;0;0;0;1;0;0;2;0;0;0;4;1;2;1;0
Oleiphilaceae;2;0;0;0;0;1;2;1;2;5;0;0;0;6;0;1;15;1
Maricaulaceae;169;3;0;0;0;56;27;82;13;385;0;5;0;0;4;0;0;10
Staphylococcaceae;1444;46;113;97;822;7321;2651;1456;4142;452;312;127;175;190;743;197;148;53
Thermoactinomycetaceae;11;0;0;9;2;31;11;237;65;35;1;6;0;15;4;8;6;5
Roseivirgaceae;2;6;12;4;0;2;1;3;0;6;0;0;0;19;1;5;2;1
Rikenellaceae;41;48;87;5;5;142;37;42;1;86;133;2;1;53;67;118;18;15
Solirubrobacteraceae;30;16;34;171;22;267;193;648;293;523;4;10;17;227;1;273;473;171
Roseiarcaceae;5;3;1;1;0;6;5;6;0;317;0;0;0;18;0;2;56;3
Dysgonomonadaceae;3;1;2;0;0;3;0;2;0;33;0;0;1;6;0;4;2;2
Thermotomaculaceae;1;0;0;0;0;0;0;0;1;9;0;0;0;0;0;0;0;0
Bacillales Family X, Incertae Sedis;0;0;0;0;0;0;1;0;0;1;0;0;0;0;0;0;1;0
Sedimentisphaeraceae;27;2;9;4;0;6;5;12;6;75;2;10;6;54;6;32;29;30
Moritellaceae;1;0;0;5;2;12;5;0;7;4;0;5;0;25;2;2;2;0
Kofleriaceae;327;220;405;60;11;210;230;363;26;1110;147;7;25;141;10;291;163;134
Ilumatobacteraceae;59;149;372;180;70;301;275;616;374;151;107;437;69;238;5;496;155;189
Verrucomicrobiaceae;491;81;261;32;0;184;65;582;17;1199;0;53;52;559;4;558;304;386
Usitatibacteraceae;252;8;0;0;0;83;53;408;14;537;0;16;0;0;4;0;0;171
Litoricolaceae;13;1;0;0;2;2;1;1;0;6;0;52;6;3;0;3;0;0
Thermoanaerobacteraceae;6;3;8;9;6;34;29;53;8;37;4;22;4;10;3;19;14;4
Chroococcidiopsidaceae;1;8;24;1;0;1;2;8;2;192;25;0;0;6;1;2;4;2
Oscillochloridaceae;7;2;1;14;3;23;12;28;28;50;0;1;0;36;0;18;64;8
Chitinophagaceae;738;414;678;339;63;517;348;725;272;28086;36;429;246;4282;27;4527;2726;1683
Candidatus Chazhemtobacteraceae;0;1;0;1;0;0;0;3;0;32;0;1;1;3;1;0;0;0
Vulgatibacteraceae;66;1;1;11;5;12;59;174;35;89;273;3;5;20;0;17;17;7
Thermosporotrichaceae;0;1;0;1;0;0;1;1;0;5;0;0;0;1;0;3;1;1
Desulfuromonadaceae;66;6;5;53;26;18;11;50;37;119;1;593;96;118;1;67;94;8
Flammeovirgaceae;5;4;15;2;1;8;5;27;3;27;0;3;1;15;0;18;11;4
Succinivibrionaceae;0;0;0;0;0;0;1;0;0;0;0;0;0;0;0;1;0;0
Gottschalkiaceae;1;0;0;0;0;0;0;0;1;0;0;0;0;1;0;1;0;1
Methylocystaceae;534;124;395;105;46;242;164;521;133;2036;353;63;59;691;20;632;853;191
Chlorobiaceae;59;2;11;13;4;71;10;149;8;117;3;94;8;177;1;253;122;129
Muribaculaceae;8;2;0;5;3;12;2;11;19;13;0;1;1;3;0;3;3;1
Halieaceae;76;25;55;11;3;33;19;70;12;151;4;475;64;52;0;46;45;57
Dermatophilaceae;12;98;318;111;96;42;185;78;324;233;192;1298;240;615;1;808;369;555
Morganellaceae;58;318;542;14;4;11;4;8;26;152;250;18;15;247;9;233;264;108
Capsulimonadaceae;13;1;4;8;0;13;11;13;1;137;0;9;1;31;3;15;47;9
Peptococcaceae;23;1;10;10;11;14;7;46;16;137;287;115;16;90;5;22;21;9
Vallicoccaceae;0;0;0;0;0;5;6;14;8;1;0;0;0;0;0;0;0;2
Barnesiellaceae;6;0;1;0;0;1;1;2;0;8;0;208;32;1;0;3;2;0
Dehalococcoidaceae;3;0;0;0;0;2;2;0;0;3;0;0;0;1;0;0;1;0
Fluviibacteraceae;6;0;0;0;0;0;2;3;0;9;0;0;0;0;0;0;0;0
Entophysalidaceae;0;0;1;0;0;0;1;0;0;1;1;0;1;0;0;6;2;0
Flavobacteriaceae;194;72;163;29;9;409;160;3995;126;1456;28;108;62;342;1271;262;150;132
Thiotrichaceae;14;1;1;0;1;4;0;16;0;20;0;2;0;7;0;6;10;3
Erwiniaceae;163;61;147;78;61;97;177;230;181;371;4;250;100;1586;50;653;269;384
Deferribacteraceae;1;0;0;1;1;1;3;1;2;5;0;0;0;12;0;4;4;3
Nitratiruptoraceae;0;0;0;0;0;0;0;0;0;4;0;0;0;0;0;0;0;0
Sphingomonadaceae;11127;1153;3015;987;447;3495;1894;3883;2307;30712;1212;4270;4010;5110;944;5489;5851;1804
Thermosediminibacteraceae;1;0;0;0;0;0;0;3;1;0;1;0;0;1;0;0;1;0
Leptospiraceae;160;3;6;34;11;42;56;185;79;155;13;3;2;202;0;83;22;63
Peptostreptococcaceae;449;8;170;81;59;1994;2583;4153;4185;24;104;328;95;8;3338;383;753;12
Acidiferrobacteraceae;196;4;14;34;17;182;40;224;110;237;181;43;7;42;32;43;45;15
Caulobacteraceae;8057;811;1891;783;257;1555;1008;1999;2041;13875;879;4450;2327;4483;495;2996;1638;2078
Nakamurellaceae;68;673;1400;527;309;1395;1603;2358;1885;2662;1632;1051;227;1410;109;2044;1059;1131
Thioalkalispiraceae;60;2;2;43;18;74;79;166;138;83;22;3;1;76;1;103;67;12
Cesiribacteraceae;0;0;1;1;0;0;0;1;0;5;0;0;0;1;0;1;1;0
Acidothermaceae;10;46;119;165;121;333;319;530;476;264;332;823;109;384;59;590;265;272
Labilitrichaceae;245;105;225;39;25;167;81;456;24;610;3;78;15;142;4;173;145;44
Iamiaceae;44;133;324;111;45;112;274;345;225;85;381;51;16;188;3;332;105;181
Promicromonosporaceae;76;575;1126;548;354;1046;1275;1430;1244;1188;2072;3037;544;2351;436;3524;1720;2297
Dissulfurispiraceae;1;1;0;0;0;1;0;1;0;3;0;0;0;0;0;0;0;0
Acetobacteraceae;973;98;206;253;144;869;645;1577;461;6586;215;610;169;814;153;864;1057;362
Porphyromonadaceae;4;1;1;0;8;1;2;69;5;9;4;256;32;13;1;20;5;10
Akkermansiaceae;36;0;2;0;0;57;9;108;12;62;0;0;2;19;1;5;10;0
Schleiferiaceae;1;0;1;0;0;0;0;0;0;3;0;0;0;2;0;0;1;2
Bryobacteraceae;117;14;14;3;1;84;77;207;55;699;1;2;6;49;4;94;40;24
Aphanizomenonaceae;6;1;2;2;1;4;5;11;14;176;0;0;0;6;1;7;11;5
Pyrinomonadaceae;11;3;10;24;2;12;31;255;5;137;0;2;5;163;0;323;132;191
Balneatrichaceae;1;0;0;1;0;0;0;0;0;0;0;0;0;0;0;0;0;0
Robiginitomaculaceae;2;0;0;0;0;0;0;1;0;3;0;0;0;0;0;0;0;0
Lentimicrobiaceae;2;0;0;0;0;0;1;2;0;6;0;0;0;0;0;1;0;0
Methylobacteriaceae;1906;611;1378;567;272;1776;1324;2817;1322;6285;913;1367;464;1985;295;2561;2040;1038
Micromonosporaceae;1054;12148;21458;13143;6860;24970;25089;40013;37015;19990;26130;46039;8234;43029;8350;62925;32292;34003
Alteromonadaceae;162;13;35;28;16;35;26;104;129;253;95;793;128;149;69;243;66;167
Nautiliaceae;3;0;0;0;0;0;0;1;0;4;0;0;0;1;0;1;2;0
Deinococcaceae;170;130;229;163;47;270;296;497;481;516;252;301;65;866;79;1177;617;726
Caldilineaceae;44;10;33;10;1;8;15;50;10;143;1;5;4;4;1;16;14;15
Desertifilaceae;0;0;1;0;0;2;1;1;3;2;3;0;0;18;0;32;0;109
Polyangiaceae;1233;235;496;375;138;678;600;2006;1391;2730;745;832;150;1230;614;1931;1199;1205
Thermoflexibacteraceae;0;0;0;0;0;0;0;1;0;6;0;0;0;2;0;2;0;0
Oceanospirillaceae;76;37;3;9;6;26;14;27;15;108;0;7;2;19;0;20;18;7
Sutterellaceae;43;24;45;1;0;7;1;19;0;24;0;0;1;11;0;12;13;2
Frankiaceae;2878974;2405677;6959459;563094;240533;644899;746879;1260841;1079108;2474852;3675986;4345200;528011;1376305;1742521;2061363;1022910;1220020
Fulvivirgaceae;53;62;246;46;5;58;32;192;15;320;1;60;2;1222;5;1563;62;735
Jiangellaceae;9;12;23;77;9;63;69;115;76;44;23;17;0;98;1;75;153;57
Vicingaceae;0;0;2;0;0;0;0;0;0;0;0;0;0;0;0;1;0;0
Peptoniphilaceae;1;2;2;1;0;2;1;2;0;5;9;6;0;5;0;1;4;1
Ruaniaceae;32;103;277;183;177;451;565;828;1108;524;242;1585;259;642;146;856;436;360
Kosmotogaceae;0;1;0;0;0;1;0;2;0;8;1;0;0;22;0;0;22;0
Propionibacteriaceae;231;1398;3040;1795;1151;3837;3597;5551;5866;3046;3637;9356;1411;6687;1594;8202;4461;4996
Merismopediaceae;2;11;22;2;1;1;1;3;23;10;1;14;1;3;0;1;4;1
Erysipelotrichaceae;3;1;3;1;1;2;1;4;0;18;3;3;3;7;0;6;10;1
Anaeromyxobacteraceae;244;9;27;109;44;197;286;465;271;469;44;337;50;257;9;319;144;170
Crenotrichaceae;1;0;0;2;0;0;1;1;0;4;0;0;0;8;0;3;3;0
Candidatus Nanosyncoccacae;0;0;0;0;0;0;0;0;0;1;0;0;0;0;0;0;0;0
Rivulariaceae;1;0;2;0;1;0;1;0;1;8;0;2;0;3;0;2;0;0
Thermodesulfobiaceae;0;1;0;0;0;0;0;1;1;1;0;1;0;1;0;0;2;0
Dietziaceae;35;461;933;375;277;624;767;1359;1210;727;1054;2398;382;996;43;1440;747;664
Dermabacteraceae;63;523;1179;262;237;521;456;815;739;867;1099;3136;441;881;20;1306;534;861
Candidatus Desulfofervidaceae;1;0;0;0;0;0;1;2;0;3;0;0;0;2;0;0;0;1
Thermithiobacillaceae;1;0;0;0;0;0;1;0;0;3;0;0;0;1;0;0;0;0
Reichenbachiellaceae;6;2;12;1;0;3;2;6;1;11;0;0;0;8;0;4;0;1
Ruminococcaceae;31;33;64;6;1;9;10;270;6;196;160;22;3;89;0;111;68;8
Elusimicrobiaceae;0;0;0;0;0;0;0;1;0;1;0;0;0;1;0;0;0;0
Candidatus Nanosynbacteraceae;0;2;0;0;0;1;0;4;0;14;0;0;0;0;0;0;0;0
Streptosporangiaceae;207;2866;5046;3902;1345;5691;6113;10887;8351;5175;7813;13773;1717;7528;2610;10077;5611;7136
Ardenticatenaceae;25;3;13;42;17;78;89;177;130;100;1;52;4;16;5;21;23;3
Microscillaceae;1;0;1;3;0;4;2;5;5;4;0;0;0;0;0;2;0;0
Rhodocyclaceae;817;235;253;54;13;160;121;321;129;519;141;14;7;349;81;427;278;21
Terrimicrobiaceae;10;1;7;0;0;3;3;16;0;100;1;0;3;4;0;4;8;1
Bacteroidaceae;18;5;8;5;5;4;7;13;0;82;52;5;4;10;3;23;12;11
Bradymonadaceae;65;3;6;3;4;17;22;216;13;115;7;146;28;26;21;48;23;28
Oligoflexaceae;5;1;3;0;0;2;0;8;0;18;0;0;1;2;0;3;2;0
Silvanigrellaceae;1;0;4;1;0;0;0;0;0;6;0;0;0;0;0;1;1;0
Flexibacteraceae;0;0;0;0;0;0;0;4;0;5;0;0;0;1;0;1;2;0
Cryomorphaceae;2;0;0;1;0;1;0;0;0;2;0;0;1;0;0;2;0;0
Bifidobacteriaceae;76;126;343;177;159;501;461;1121;727;256;244;1422;239;694;66;1133;267;796
Hyphomicrobiaceae;4191;888;2112;347;141;2748;1206;3631;563;41556;421;675;401;2271;68;2992;2620;1167
Planococcaceae;22;81;172;24;65;114;118;174;291;786;177;141;16;11;23;40;30;26
Hyphomonadaceae;72;4;28;16;5;23;23;73;24;228;0;8;18;73;1;61;52;6
Wenzhouxiangellaceae;54;1;7;2;0;20;3;36;4;101;0;4;1;29;68;16;8;5
Thermoleophilaceae;9;0;0;4;2;6;3;17;2;13;0;2;0;11;0;10;22;7
Acaryochloridaceae;16;1;0;8;6;20;4;9;8;12;1;26;20;114;3;106;105;70
Campylobacteraceae;909;94;248;1528;233;1610;507;761;864;1009;166;237;362;469;667;660;456;380
Holosporaceae;0;0;1;0;0;1;1;0;0;2;0;0;0;3;0;0;0;0
Geminicoccaceae;3;0;1;0;0;1;0;4;0;38;0;0;1;3;0;5;7;0
Marinilabiliaceae;3;26;39;6;0;2;3;7;1;108;27;14;2;22;0;15;47;19
Candidatus Parilichlamydiaceae;0;0;0;0;0;0;0;0;0;1;0;0;0;1;0;0;0;0
Kineosporiaceae;21;356;695;397;243;744;749;1425;1041;191;363;1254;212;844;58;1138;555;641
Verrucomicrobia subdivision 3;971;11;61;12;0;50;124;442;3;359;0;15;9;131;4;161;114;27
Fastidiosibacteraceae;0;0;0;0;0;0;0;0;0;2;0;0;0;0;0;0;0;0
Psychromonadaceae;3;0;0;0;0;0;1;0;0;7;0;1;2;2;0;3;0;2
Cyclobacteriaceae;17;6;8;1;2;7;6;33;5;139;2;15;2;33;2;36;33;17
Colwelliaceae;8;0;1;2;2;3;2;13;0;21;0;1;1;7;3;4;6;5
Mariprofundaceae;6;0;0;3;0;12;8;15;10;23;0;0;0;4;0;1;4;1
Balneolaceae;4;1;2;1;0;3;0;19;2;21;1;1;0;11;0;5;6;3
Eubacteriaceae;18;5;3;1;2;6;3;12;3;22;1;7;1;0;4;10;3;3
Syntrophorhabdaceae;3;0;0;0;0;0;0;0;0;8;0;0;0;1;0;0;2;2
Neomegalonemataceae;1;0;0;0;0;0;0;0;0;4;0;0;0;0;0;0;0;0
Lactobacillaceae;1228;111;244;105;75;398;168;301;244;1150;137;244;134;656;287;576;513;399
Budviciaceae;5;0;1;1;0;0;0;4;1;10;0;0;0;2;0;3;2;2
Thioalkalibacteraceae;26;0;3;14;19;85;65;130;106;42;0;1;0;18;0;11;9;4
Thermoguttaceae;8;0;1;0;0;4;1;15;0;38;0;1;1;8;0;0;9;3
Balneicellaceae;1;0;0;0;0;0;0;0;0;0;0;0;0;0;0;0;0;0
Tenuifilaceae;0;0;0;0;0;0;0;1;0;4;0;0;0;0;0;0;0;0
Desulfurobacteriaceae;1;0;0;0;0;0;0;3;0;7;0;1;0;1;0;1;1;0
Brachyspiraceae;4;0;0;1;0;0;0;2;1;5;0;0;1;2;0;2;1;0
Cellulomonadaceae;145;887;1631;1100;760;1962;2003;3496;3443;1362;1691;6314;1012;3267;796;4651;2229;2765
Thermodesulfovibrionaceae;41;8;0;0;0;8;7;8;14;103;0;10;0;0;13;0;0;30
Fusobacteriaceae;0;0;0;3;0;0;2;1;1;28;0;2;1;4;0;3;4;5
Candidatus Cryosericaceae;0;0;0;0;0;0;0;1;0;3;0;0;0;0;0;1;0;0
Chamaesiphonaceae;0;0;0;0;7;0;1;3;0;3;0;0;0;0;0;1;0;1
Clostridiales Family XVI, Incertae Sedis;0;0;0;0;0;0;0;2;0;8;0;0;0;2;0;0;1;0
Rhizobiaceae;11001;1087;2369;1554;346;5289;1569;3466;2902;21052;895;4976;2966;10540;1787;5196;9420;3322
Erythrobacteraceae;1134;117;294;221;106;730;515;901;621;2362;130;615;307;473;86;574;394;351
Thermoanaerobacterales Family III, Incertae Sedis;4;0;2;1;0;1;2;2;0;18;0;1;0;2;0;0;3;1
Holophagaceae;18;0;1;0;0;5;9;14;0;131;1;2;1;9;0;11;3;3
Crocinitomicaceae;2;3;11;0;0;1;0;4;0;25;0;1;3;5;0;7;4;3
Rubritaleaceae;9;2;3;1;0;0;0;4;0;14;0;0;0;2;0;3;3;2
Kytococcaceae;16;85;0;0;0;151;171;269;156;148;0;4;0;0;64;0;0;26
Bdellovibrionaceae;55;3;11;15;4;14;14;61;5;120;0;2;2;53;0;29;59;8
Eggerthellaceae;39;1;3;38;29;93;96;191;133;106;9;2;1;55;2;55;23;85
Ktedonobacteraceae;1;1;4;1;0;10;2;5;1;13;3;13;0;16;0;6;7;2
Pelagibacteraceae;7;0;0;7;0;1;0;1;1;7;0;1;0;5;0;2;2;3
Emcibacteraceae;22;13;25;4;0;6;4;7;4;58;1;1;2;7;0;5;14;1
Kangiellaceae;5;1;0;1;0;5;2;8;0;21;0;0;0;4;0;3;5;1
Geobacteraceae;206;75;40;75;26;149;171;666;160;492;87;279;32;207;172;251;166;123
Chthonomonadaceae;8;2;5;1;0;26;7;15;1;138;1;0;0;9;0;25;11;5
Methylacidiphilaceae;3;0;4;0;1;2;3;4;0;19;1;0;0;36;0;7;6;3
Motilibacteraceae;2;1;1;111;22;7;138;315;232;10;1;288;18;26;7;17;16;10
Leptolyngbyaceae;38;26;65;19;10;21;44;535;36;305;31;3;1;96;205;88;85;55
Prochlorotrichaceae;5;5;11;1;1;5;0;7;8;87;0;1;1;5;1;3;6;1
Lentisphaeraceae;1;0;0;0;0;1;0;3;0;2;0;0;0;2;0;0;9;0
Hydrogenophilaceae;10;0;1;1;0;7;2;13;0;27;0;0;1;36;0;4;45;7
Clostridiales Family XII, Incertae Sedis;0;0;0;0;0;0;1;0;0;1;0;0;0;0;0;0;0;0
Algiphilaceae;1;0;0;0;0;1;0;0;0;2;0;0;0;1;1;1;1;0
Clostridiales Family XVII, Incertae Sedis;185;30;12;45;2;139;80;215;199;437;5;239;38;36;51;97;31;15
Desulfurellaceae;2;0;1;0;0;0;0;2;0;7;0;0;0;1;0;0;1;4
Natronospirillaceae;3;0;0;0;0;0;0;0;0;2;0;0;0;0;0;0;0;0
Cryptosporangiaceae;4;28;59;95;24;35;151;246;118;142;155;137;8;491;53;511;491;164
Actinopolysporaceae;12;138;279;90;61;85;173;250;176;182;968;1063;126;563;26;879;356;515
Streptococcaceae;9;83;21;6;9;14;17;184;122;78;38;16;1;37;29;17;19;23
Lichenibacteriaceae;2;0;0;0;0;2;0;0;1;24;0;0;0;6;1;4;8;3
Anaerolineaceae;47;2;10;10;0;18;20;155;3;156;3;7;3;111;2;144;31;119
Neisseriaceae;336;7;42;255;30;189;50;999;105;388;80;17;12;288;522;303;254;103
Fibrobacteraceae;14;3;1;1;0;1;4;13;0;14;0;0;0;9;1;2;1;1
Microthrixaceae;4;2;4;3;2;5;2;24;6;40;1;2;1;9;0;12;7;3
Rhabdaerophilaceae;2;1;0;0;0;0;0;1;0;2;0;0;0;0;0;0;0;0
Chromobacteriaceae;721;105;135;30;34;124;84;241;137;836;180;256;37;568;5;919;477;373
Egicoccaceae;14;31;65;113;79;231;250;423;358;51;25;245;30;88;4;90;52;105
Tropherymataceae;0;0;0;0;0;1;1;0;0;2;0;0;0;0;0;0;0;0
Syntrophomonadaceae;1;1;7;1;0;0;1;4;0;8;0;0;0;8;0;4;5;2
Kallotenuaceae;0;0;1;0;0;2;1;6;1;13;0;2;0;6;0;4;3;1
Isosphaeraceae;366;158;294;138;88;377;345;846;327;2044;63;210;82;832;83;956;870;672
Actinopolymorphaceae;4;13;0;0;0;98;25;133;30;16;0;26;0;0;37;0;0;105
Christensenellaceae;6;0;1;0;0;0;2;7;0;9;0;1;0;3;0;5;3;1
Candidatus Brocadiaceae;16;0;2;1;0;2;5;31;1;37;0;0;0;10;108;18;8;7
Gloeobacteraceae;30;48;121;39;21;20;13;28;16;78;191;3;3;19;4;12;17;10
Streptomycetaceae;4119;67526;127877;54998;33526;102749;110972;164646;172568;126070;150330;264637;48445;159115;53198;214366;114392;132862
Symbiobacteriaceae;14;5;12;4;5;12;5;23;3;45;51;3;0;52;3;39;8;136
Rubrobacteraceae;68;116;228;148;100;257;190;476;395;306;843;749;100;347;106;463;289;300
Proteinivoraceae;0;0;0;0;0;0;0;0;0;0;0;0;0;0;0;1;0;0
Lacipirellulaceae;360;26;38;32;26;161;150;625;115;395;3;303;49;57;12;73;56;114
Simkaniaceae;1;0;0;0;0;1;1;3;0;57;0;1;0;3;0;2;4;0
Aquificaceae;0;1;0;13;13;16;8;15;7;13;15;0;0;2;0;1;0;0
Gordoniaceae;148;1547;2717;1215;974;3395;3255;5119;5003;2655;3720;8629;1430;3867;577;4910;2385;3106
Victivallaceae;5;0;0;2;0;2;1;2;1;10;0;0;0;0;0;1;2;1
Tannerellaceae;1;0;1;0;0;0;1;4;0;25;0;1;1;6;0;1;2;1
Herpetosiphonaceae;3;1;4;4;0;3;3;3;6;26;0;0;0;2;0;3;0;2
Aestuariivirgaceae;16;0;4;9;0;3;6;26;0;105;0;3;2;9;0;46;2;7
Candidatus Nanogingivalaceae;0;0;0;0;0;0;0;0;0;1;0;0;0;0;0;0;0;0
Scytonemataceae;5;3;9;11;1;15;7;22;31;13;2;4;0;44;24;28;28;14
Francisellaceae;3;2;1;4;2;0;0;1;99;13;0;1;0;10;1;12;14;3
Piscirickettsiaceae;20;2;2;0;3;10;4;12;0;47;2;4;2;36;0;14;8;9
Saccharospirillaceae;37;0;1;0;1;6;2;13;2;28;0;1;0;6;2;6;6;1
Candidatus Competibacteraceae;6;3;11;9;3;13;16;21;6;29;2;0;0;71;7;93;19;21
Marinifilaceae;1;0;2;1;0;1;0;4;0;10;1;1;0;2;2;2;0;5
Hungateiclostridiaceae;7;12;7;35;8;3;0;6;0;14;0;25;2;3;1;6;5;3
Tsukamurellaceae;39;279;615;208;166;217;272;489;590;398;706;836;150;678;96;857;425;648
Vicinamibacteraceae;219;26;73;59;29;209;139;1161;103;1169;4;592;84;463;2;626;327;395
Synergistaceae;11;1;1;0;1;3;0;10;0;18;196;0;0;47;5;21;5;27
Cyanothecaceae;3;1;1;0;0;1;0;5;0;9;0;0;0;9;0;1;25;1
Hapalosiphonaceae;13;9;27;7;17;7;8;15;12;27;120;33;40;125;3;147;76;181
Candidatus Midichloriaceae;0;0;0;0;0;0;0;2;0;2;0;0;0;8;0;0;0;0
Geodermatophilaceae;99;1865;3587;1615;848;3016;2804;5244;4316;1902;2383;7551;1242;4057;1050;6132;2902;3429
Gallionellaceae;103;0;6;3;1;32;16;42;7;98;12;1;2;80;0;194;20;67
Spiroplasmataceae;0;0;1;1;0;0;1;0;1;21;0;2;1;4;0;1;7;1
Bradyrhizobiaceae;43767;1438;3342;2641;1006;25653;7094;15674;4733;92159;1430;3897;2255;16329;1042;8837;31911;4860
Sporolactobacillaceae;1;0;6;1;0;0;0;1;1;13;0;107;2;28;0;41;13;26
Pseudomonadaceae;13432;1522;2556;1496;51800;33873;20937;27625;32599;8572;3202;4653;38874;36222;11050;16744;5380;4183
Sporichthyaceae;160;81;201;182;142;431;380;624;507;204;371;894;150;652;7;664;510;588
Atopobiaceae;17;4;12;31;10;21;75;44;92;46;16;25;6;23;2;32;15;7
Rhodospirillaceae;3879;351;854;550;308;1754;1388;3553;958;21069;1076;3381;815;3014;227;3787;2932;2008
Criblamydiaceae;0;0;0;0;0;0;2;6;0;41;0;1;0;4;0;3;5;2
Baekduiaceae;127;353;643;131;99;329;230;275;257;364;122;872;197;288;160;469;278;266
Puniceicoccaceae;9;0;2;0;1;3;2;11;0;9;0;0;0;4;0;0;3;1
Gemmatimonadaceae;245;10;43;55;19;126;98;648;158;554;11;202;83;201;30;242;176;115
Bogoriellaceae;24;141;387;339;198;483;500;878;903;442;610;1309;228;1089;106;1672;809;1230
Actinomycetaceae;1107;1408;1294;804;540;4517;2349;4072;3505;3576;1264;3322;533;2159;1057;2810;1320;1722
Caldicoprobacteraceae;0;0;1;1;0;0;0;0;0;1;0;0;0;0;0;0;0;0
Intrasporangiaceae;119;686;3636;2125;1458;2391;4045;3896;4266;1912;3275;6329;1815;5219;244;6883;3328;2538
Thermonemataceae;1;0;0;0;0;0;1;1;0;2;0;0;0;3;0;0;1;0
Haliscomenobacteraceae;9;13;63;2;1;1;2;6;1;37;3;0;2;16;0;8;12;2
Thermaceae;70;92;36;66;39;126;119;310;126;180;147;245;54;289;18;381;189;232
Coprothermobacteraceae;0;1;0;0;0;0;0;0;0;0;0;0;0;0;0;0;0;0
Micrococcaceae;336;2326;4237;2647;1705;5513;5367;9289;8415;3491;4105;13863;2156;7597;812;8870;4230;4860
Fervidobacteriaceae;1;0;1;0;0;0;0;0;0;3;0;1;0;3;0;1;1;0
Thiovulaceae;2;0;1;0;0;0;0;1;1;3;0;1;0;3;0;3;2;2
Lawsonellaceae;1;0;0;0;0;0;2;3;0;92;0;264;0;0;45;0;0;202
Endozoicomonadaceae;0;0;1;4;0;2;1;8;6;10;0;0;0;0;0;2;2;0
Phyllobacteriaceae;8906;1631;3068;711;255;5518;1560;3227;1608;47484;647;2334;908;3150;462;3452;4200;1315
Rubricoccaceae;4;0;1;2;0;4;2;16;0;18;0;0;1;2;0;5;5;1
Bartonellaceae;13;1;3;1;0;2;2;8;3;42;0;3;1;14;1;6;11;9
Mycoplasmataceae;331;36;63;28;15;74;42;52;72;306;39;65;28;159;85;114;88;83
Saprospiraceae;1;0;1;0;0;0;0;3;0;3;0;0;0;2;0;2;0;0
Waddliaceae;0;0;1;0;0;1;0;0;0;19;0;0;0;1;0;3;3;0
Candidatus Nanoperiomorbaceae;0;0;0;0;0;0;0;0;0;1;0;0;0;1;0;0;0;0
Acholeplasmataceae;0;1;1;2;0;0;1;3;0;11;1;0;0;5;0;3;2;1
Calditrichaceae;6;0;2;0;0;0;2;5;1;12;0;1;0;5;0;2;2;1
Desulfobacteraceae;88;5;14;40;3;31;34;109;128;221;108;11;7;103;50;112;34;89
Dictyobacteraceae;6;0;3;0;3;6;7;25;1;32;1;1;1;14;2;12;20;3
Catalimonadaceae;0;3;0;0;0;1;2;1;0;5;0;0;0;3;1;0;1;2
Desulfovibrionaceae;207;103;222;104;30;204;233;401;262;747;234;44;18;368;8;351;213;461
Hydrogenothermaceae;1;0;0;7;5;0;21;167;16;7;0;0;1;0;0;3;2;1
Leptotrichiaceae;1;0;4;1;1;0;0;1;0;6;0;5;0;15;0;8;5;3
Endomicrobiaceae;0;0;0;0;0;0;1;1;0;7;0;1;0;1;0;0;0;0
Granulosicoccaceae;30;0;2;1;2;8;4;12;0;29;0;144;11;8;0;5;11;0
Desulfobulbaceae;37;4;10;12;5;19;9;85;61;188;59;155;19;45;1;20;31;11
Hydrogenimonaceae;1;0;0;0;0;0;0;2;0;8;0;0;0;0;0;0;0;0
Propylenellaceae;14;2;0;0;0;2;1;1;0;24;0;2;0;0;1;0;0;2
Notoacmeibacteraceae;0;0;1;0;0;0;0;0;0;2;0;0;0;0;0;0;0;0
Lachnospiraceae;45;4;10;23;23;75;29;138;31;80;3;22;8;30;82;28;19;50
Thermogemmatisporaceae;2;1;1;5;0;3;5;1;5;5;1;0;0;6;0;6;5;6
Heliobacteriaceae;45;13;43;14;22;21;17;40;24;206;28;224;37;123;17;51;43;42
Bruguierivoracaceae;9;0;0;0;0;2;7;9;1;21;0;1;0;0;2;0;0;3
Xanthomonadaceae;3177;970;1904;645;336;1625;1403;2913;2108;10602;1670;3186;902;2153;509;2954;1756;810
Planctomycetaceae;504;130;154;110;50;339;316;855;297;1762;13;139;30;174;70;151;222;211
Syntrophaceae;16;0;0;33;19;83;86;156;105;23;0;274;40;8;3;9;8;2
Desulfarculaceae;20;0;1;1;1;2;2;16;3;66;16;1;0;14;0;8;5;9
Veillonellaceae;14;0;0;1;4;7;3;12;16;24;1;59;8;9;3;10;7;5
Hydrococcaceae;0;0;0;2;1;0;5;0;3;1;0;0;0;0;0;6;0;1
Vibrionaceae;242;45;153;76;57;406;74;145;198;2036;148;156;41;637;129;360;826;239
Ignavibacteriaceae;2;0;1;0;0;0;2;10;0;6;0;0;0;4;0;3;4;3
Borreliaceae;182;13;53;372;48;145;109;144;164;173;31;40;27;55;83;95;85;56
Trueperaceae;11;1;1;82;31;124;129;176;160;31;0;1;0;72;0;117;44;117
Pasteurellaceae;34;50;94;11;14;67;10;124;26;276;66;36;31;91;6;96;67;53
Methylophilaceae;135;28;62;5;0;16;9;39;7;92;0;12;4;11;1;15;24;5
Azonexaceae;835;3;13;28;14;82;70;162;104;101;2;6;0;11;4;13;16;5
Idiomarinaceae;9;1;2;0;0;3;2;11;4;17;7;0;0;4;0;6;5;1
Caldisericaceae;0;0;0;0;0;0;0;3;0;3;0;1;0;0;0;0;0;1
Amoebophilaceae;0;0;0;0;0;0;0;1;0;8;0;0;0;8;0;1;1;0
